{
  "key": "<category>",
  "title": "<Название>",
  "enabled": true,
  "tabsIcon": "<icon>",
  "productModel": { "idField": "<id>", "titleField": "<title>", "media": { "pathTemplate": "/static/<category>/{slug}.jpg", "slugFrom": "<titleField>" } },
  "attributes": [ ],
  "constraints": [ ],
  "pricing": { "currency": "RUB", "basePrice": { "source": "db:products.rrc_price" }, "rules": [ { "op": "round", "to": 10 } ] },
  "ui": { "flow": [ ], "cart": { "lineTitle": "{<id>} — {<something>}", "columns": ["parameters","unitPrice","qty","sum","actions"] } },
  "import": { "mapping": {}, "uniqueBy": [], "media": {} },
  "export": { "templates": {} }
}
